LAPORAN STOCK PER-ITEM											DATE    :		2026-10-07 09:29:52	WIB
ID Customer    : 0999
Customer         : PT. CONTOH DEMO
2026-10-06 00:00:00
Item #	Description	Net	Informasi Rekapitulasi
			Stock awal			In			Out			Stock akhir
			MC	KGS	Pallet	MC	KGS	Pallet	MC	KGS	Pallet	MC	KGS	Pallet
	FROZEN		566	1132	2	0	0	0	0	0	0	566	1132	2
157-009	SUKARI DATES 2KG	2	566	1132	2	0	0	0	0	0	0	566	1132	2
	Sub Total Frozen		566	1132	2	0	0	0	0	0	0	566	1132	2
	CHILLER
157-019	KURMA AJWA JUMBO @5KG	5	171	855	2	0	0	0	0	0	0	171	855	2
TOTAL			737	1987	4	0	0	0	0	0	0	737	1987	4
LAPORAN STOCK PER-PID (FROZEN)
Customer : PT. CONTOH DEMO
2026-10-06 00:00:00
													TIME :	2026-10-07 09:30:22	WIB
No	PID	Item #	Lot.No		Tanggal Masuk DPP	Expire Date	WAKTU 	Stock awal		In 		Out		Stock Akhir
				Spec Product			Expire
							(BULAN)	MC	Kg	MC	Kg	MC	Kg	MC	Kg
1	2274537	157-009	260925/PT. CONTOH/CGMU 5288973	SUKARI DATES 2KG	2026-09-26 00:00:00	2027-06-01 00:00:00		286	572	0	0	6	12	280	560
2	2274538	157-009	260925/PT. CONTOH/CGMU 5288973	SUKARI DATES 2KG	2026-09-26 00:00:00	2026-11-15 00:00:00		286	572	0	0	0	0	286	572
				Total				572	1144	0	0	6	12	566	1132
Catatan: palet 5 rusak sebagian
LAPORAN STOCK PER-PID (CHILLER)
2026-10-06 00:00:00
No	PID	Item #	Lot.No		Tanggal Masuk	Expire Date	WAKTU 	Stock awal		In 		Out		Stock Akhir
							(BULAN)	MC	Kg	MC	Kg	MC	Kg	MC	Kg
1	3619208	157-019	260925/PT.CONTOH/CGMU5288973	KURMA AJWA JUMBO @5KG	2026-09-26 00:00:00	2027-03-01 00:00:00	5	121	605	0	0	0	0	121	605
2	3619299	157-019	240220/PT.CONTOH/FBIU5049090	KURMA AJWA JUMBO @5KG	2026-09-20 00:00:00	2027-04-01 00:00:00	6	50	250	0	0	0	0	50	250
				Total				171	855	0	0	0	0	171	855
